[
  {
    "image": "images/item1.jpg",
    "price": "15,000원",
    "delivery_fee": "4,000원",
    "stock": 3,
    "discount": "78%",
    "shipping_date": "08/01 도착 보장"
  },
  {
    "image": "images/item2.jpg",
    "price": "29,900원",
    "delivery_fee": "무료",
    "stock": 10,
    "discount": "40%",
    "shipping_date": "08/03 도착 보장"
  },
  {
    "image": "images/item3.jpg",
    "price": "21,900원",
    "delivery_fee": "무료",
    "stock": 5,
    "discount": "49%",
    "shipping_date": "08/08 도착 보장"
  },
  {
    "image": "images/item4.jpg",
    "price": "21,800원",
    "delivery_fee": "무료",
    "stock": 2,
    "discount": "82%",
    "shipping_date": "08/03 도착 보장"
  },
  {
    "image": "images/item5.jpg",
    "price": "25,000원",
    "delivery_fee": "3,000원",
    "stock": 7,
    "discount": "50%",
    "shipping_date": "08/08 도착 보장"
  },
  {
    "image": "images/item6.jpg",
    "price": "18,500원",
    "delivery_fee": "2,500원",
    "stock": 4,
    "discount": "30%",
    "shipping_date": "08/01 도착 보장"
  },
  {
    "image": "images/item7.jpg",
    "price": "19,900원",
    "delivery_fee": "1,500원",
    "stock": 9,
    "discount": "45%",
    "shipping_date": "08/01 도착 보장"
  },
  {
    "image": "images/item8.jpg",
    "price": "22,000원",
    "delivery_fee": "무료",
    "stock": 1,
    "discount": "55%",
    "shipping_date": "08/08 도착 보장"
  },
  {
    "image": "images/item9.jpg",
    "price": "16,800원",
    "delivery_fee": "3,500원",
    "stock": 6,
    "discount": "60%",
    "shipping_date": "08/08 도착 보장"
  },
  {
    "image": "images/item10.jpg",
    "price": "23,500원",
    "delivery_fee": "무료",
    "stock": 8,
    "discount": "35%",
    "shipping_date": "08/01 도착 보장"
  },{
    "image": "images/item6.jpg",
    "price": "18,500원",
    "delivery_fee": "2,500원",
    "stock": 4,
    "discount": "30%",
    "shipping_date": "08/01 도착 보장"
  },
  {
    "image": "images/item7.jpg",
    "price": "19,900원",
    "delivery_fee": "1,500원",
    "stock": 9,
    "discount": "45%",
    "shipping_date": "08/01 도착 보장"
  },
  {
    "image": "images/item8.jpg",
    "price": "22,000원",
    "delivery_fee": "무료",
    "stock": 1,
    "discount": "55%",
    "shipping_date": "08/08 도착 보장"
  },
  {
    "image": "images/item9.jpg",
    "price": "16,800원",
    "delivery_fee": "3,500원",
    "stock": 6,
    "discount": "60%",
    "shipping_date": "08/08 도착 보장"
  },
  {
    "image": "images/item10.jpg",
    "price": "23,500원",
    "delivery_fee": "무료",
    "stock": 8,
    "discount": "35%",
    "shipping_date": "08/01 도착 보장"
  },
  {
    "image": "images/item3.jpg",
    "price": "21,900원",
    "delivery_fee": "무료",
    "stock": 5,
    "discount": "49%",
    "shipping_date": "08/08 도착 보장"
  },
  {
    "image": "images/item4.jpg",
    "price": "21,800원",
    "delivery_fee": "무료",
    "stock": 2,
    "discount": "82%",
    "shipping_date": "08/03 도착 보장"
  },
  {
    "image": "images/item5.jpg",
    "price": "25,000원",
    "delivery_fee": "3,000원",
    "stock": 7,
    "discount": "50%",
    "shipping_date": "08/08 도착 보장"
  },
  {
    "image": "images/item6.jpg",
    "price": "18,500원",
    "delivery_fee": "2,500원",
      "stock": 4,
      "discount": "30%",
    "shipping_date": "08/01 도착 보장"
  },
  {
    "image": "images/item7.jpg",
    "price": "19,900원",
    "delivery_fee": "1,500원",
    "stock": 9,
    "discount": "45%",
    "shipping_date": "08/01 도착 보장"
  }
]
